{
    "iris_width": [
        1.0,
        1.2,
        1.4,
        1.6,
        1.7999999999999998,
        2.0,
        2.2,
        2.4,
        2.5999999999999996,
        2.8
    ],
    "coupling": [
        0.005674506749114537,
        0.006807452562334343,
        0.00822212984536555,
        0.009353518235788845,
        0.010487219043951465,
        0.026284290280579527,
        0.012465845806916594,
        0.013591303271109748,
        0.014715460912780804,
        0.016123389457331355
    ]
}