{
    "iris_width": [
        4.0,
        4.1,
        4.2,
        4.3,
        4.4,
        4.5
    ],
    "coupling": [
        0.008352371945941597,
        0.008641618623442556,
        0.0066453912948916255,
        0.011255031922538237,
        0.012125991232127039,
        0.013001446601268986
    ]
}