{
    "iris_width": [
        4.0,
        4.2,
        4.4,
        4.6,
        4.8,
        5.0,
        5.2,
        5.4,
        5.6,
        5.8
    ],
    "coupling": [
        0.010222628841635353,
        0.057535436332409214,
        0.01251192657161059,
        0.07348965209236571,
        0.01711467279189165,
        0.020300983979077133,
        0.023199351591713446,
        0.02611489616061898,
        0.029908392597026514,
        0.03343443491415873
    ]
}