{
    "iris_width": [
        3.0,
        3.6,
        4.2,
        4.800000000000001,
        5.4,
        6.0,
        6.6000000000000005,
        7.200000000000001,
        7.800000000000001,
        8.4
    ],
    "coupling": [
        0.10178128811841294,
        0.12775711576368418,
        0.07027821810330159,
        0.01646332220260742,
        0.02411033303636103,
        0.024879001686012283,
        0.05017379905028828,
        0.09746664360038418,
        0.07483899549780204,
        0.0907078616843022
    ]
}