{
    "iris_width": [
        3.0,
        3.2,
        3.4,
        3.6,
        3.8,
        4.0,
        4.2,
        4.4,
        4.6,
        4.8,
        5.0
    ],
    "coupling": [
        0.0025795261859840224,
        0.0037302520824749235,
        0.004880810905153659,
        0.005467573955874213,
        0.0069033986594654,
        0.006631978197843716,
        0.0066453912948916255,
        0.012125991232127039,
        0.014460530496556212,
        0.015334715289951256,
        0.01738239751707852
    ]
}