{
    "iris_width": [
        3.75,
        3.8333333333333335,
        3.9166666666666665,
        4.0,
        4.083333333333333,
        4.166666666666667,
        4.25,
        4.333333333333333,
        4.416666666666667,
        4.5
    ],
    "coupling": [
        0.0063317700116987926,
        0.007485125408545621,
        0.008060886247472714,
        0.0072086575694744175,
        0.008930947548124481,
        0.009799427792383814,
        0.0066453912948916255,
        0.010674804023215667,
        0.011545269365974282,
        0.012416475651406965
    ]
}