{
    "iris_width": [
        3.0,
        3.6,
        4.2,
        4.800000000000001,
        5.4,
        6.0,
        6.6000000000000005,
        7.200000000000001,
        7.800000000000001,
        8.4
    ],
    "coupling": [
        0.0028599912513368763,
        0.1296108117817211,
        0.011225875707553838,
        0.015303721872329444,
        0.022915423907171786,
        0.030891848796957173,
        0.04043478986701439,
        0.0509991381015654,
        0.06380881782357967,
        0.0774283488802032
    ]
}