{
    "iris_width": [
        3.0,
        3.6,
        4.2,
        4.800000000000001,
        5.4,
        6.0,
        6.6000000000000005,
        7.200000000000001,
        7.800000000000001,
        8.4
    ],
    "coupling": [
        0.0028599912513368763,
        0.13568437529423164,
        0.011518673013762953,
        0.017925370224647078,
        0.024712662482346628,
        0.03625061967878288,
        0.04764092721407771,
        0.060756515967211384,
        0.07616783652147481,
        0.09181153985520239
    ]
}