{
    "iris_width": [
        1.0,
        1.2,
        1.4,
        1.6,
        1.8,
        2.0,
        2.2,
        2.4,
        2.6,
        2.8,
        3.0
    ],
    "coupling": [
        0.023423214524708368,
        0.03892074672484791,
        0.10417984484468305,
        0.027056303650608165,
        0.14767693506622206,
        0.022656726407788125,
        0.0005721630115856186,
        0.0011446532061325225,
        0.13907389570439108,
        0.1552774927908702,
        0.0025795261859840224
    ]
}